"ã“ã‚Œ","this (thing here)","ã“ã‚Œ (Kore)

Literal meaning: â€œthis (thing here)â€.

Usage: Demonstrative pronoun referring to something close to the speaker.

Politeness: Neutral.

Examples:
ã“ã‚Œ ã¯ ã»ã‚“ ã§ã™ã€‚â†’ This is a book.
ã“ã‚Œ ã¯ ã‚ãŸã—ã® ã§ã™ã€‚â†’ This is mine.

ğŸ‘‰ Think of it as: â€œThis (near me).â€"
"ãã‚Œ","that (thing near you)","ãã‚Œ (Sore)

Literal meaning: â€œthat (thing near you)â€.

Usage: Demonstrative pronoun referring to something close to the listener.

Politeness: Neutral.

Examples:
ãã‚Œ ã¯ ãƒšãƒ³ ã§ã™ã€‚â†’ That is a pen.
ãã‚Œ ã¯ ã‚ãªãŸã® ã§ã™ã‹ã€‚â†’ Is that yours?

ğŸ‘‰ Think of it as: â€œThat (near you).â€"
"ã‚ã‚Œ","that (thing over there)","ã‚ã‚Œ (Are)

Literal meaning: â€œthat (thing over there)â€.

Usage: Demonstrative pronoun referring to something far from both speaker and listener.

Politeness: Neutral.

Examples:
ã‚ã‚Œ ã¯ ã˜ã©ã†ã—ã‚ƒ ã§ã™ã€‚â†’ That (over there) is a car.
ã‚ã‚Œ ã¯ ã ã‚Œ ã® ã§ã™ã‹ã€‚â†’ Whose is that (over there)?

ğŸ‘‰ Think of it as: â€œThat over there.â€"
"ã“ã®ï½","this ~, this ~ here","ã“ã®ï½ (Konoï½)

Literal meaning: â€œthis ~, this ~ hereâ€.

Usage: Demonstrative adjective placed before a noun for items near the speaker.

Politeness: Neutral.

Examples:
ã“ã®ã»ã‚“ ã¯ ã‚ãŸã‚‰ã—ã„ ã§ã™ã€‚â†’ This book is new.
ã“ã®ã‹ã°ã‚“ ã¯ ã‚ãŸã—ã® ã§ã™ã€‚â†’ This bag is mine.

ğŸ‘‰ Think of it as: â€œThis (modifier before a noun).â€"
"ãã®ï½","that ~, that ~ there","ãã®ï½ (Sonoï½)

Literal meaning: â€œthat ~, that ~ thereâ€.

Usage: Demonstrative adjective placed before a noun for items near the listener.

Politeness: Neutral.

Examples:
ãã®ãƒãƒ¼ãƒˆ ã¯ ã„ãã‚‰ ã§ã™ã‹ã€‚â†’ How much is that notebook?
ãã®ã¨ã‘ã„ ã¯ ãµã‚‹ã„ ã§ã™ã€‚â†’ That clock is old.

ğŸ‘‰ Think of it as: â€œThat (near you, before a noun).â€"
"ã‚ã®ï½","that ~, that ~ over there","ã‚ã®ï½ (Anoï½)

Literal meaning: â€œthat ~, that ~ over thereâ€.

Usage: Demonstrative adjective placed before a noun for items far from both speaker and listener.

Politeness: Neutral.

Examples:
ã‚ã®ã„ãˆ ã¯ ãŠãŠãã„ ã§ã™ã€‚â†’ That house over there is big.
ã‚ã®ã‚«ãƒ¡ãƒ© ã¯ ãŸã‹ã„ ã§ã™ã€‚â†’ That camera over there is expensive.

ğŸ‘‰ Think of it as: â€œThat over there (before a noun).â€"
"ã»ã‚“","book","ã»ã‚“ (Hon)

Literal meaning: â€œbookâ€.

Usage: A book.

Politeness: Neutral.

Examples:
ã»ã‚“ ã§ã™ã€‚â†’ (It is) a book.
ã“ã‚Œã¯ ã»ã‚“ ã§ã™ã€‚â†’ This is a book.

ğŸ‘‰ Think of it as: â€œbook.â€"
"ã˜ã—ã‚‡","dictionary","ã˜ã—ã‚‡ (Jisho)

Literal meaning: â€œdictionaryâ€.

Usage: A dictionary.

Politeness: Neutral.

Examples:
ã˜ã—ã‚‡ ã§ã™ã€‚â†’ (It is) a dictionary.
ã“ã‚Œã¯ ã˜ã—ã‚‡ ã§ã™ã€‚â†’ This is a dictionary.

ğŸ‘‰ Think of it as: â€œdictionary.â€"
"ã–ã£ã—","magazine","ã–ã£ã— (Zasshi)

Literal meaning: â€œmagazineâ€.

Usage: A magazine.

Politeness: Neutral.

Examples:
ã–ã£ã— ã§ã™ã€‚â†’ (It is) a magazine.
ã“ã‚Œã¯ ã–ã£ã— ã§ã™ã€‚â†’ This is a magazine.

ğŸ‘‰ Think of it as: â€œmagazine.â€"
"ã—ã‚“ã¶ã‚“","newspaper","ã—ã‚“ã¶ã‚“ (Shinbun)

Literal meaning: â€œnewspaperâ€.

Usage: A newspaper.

Politeness: Neutral.

Examples:
ã—ã‚“ã¶ã‚“ ã§ã™ã€‚â†’ (It is) a newspaper.
ã“ã‚Œã¯ ã—ã‚“ã¶ã‚“ ã§ã™ã€‚â†’ This is a newspaper.

ğŸ‘‰ Think of it as: â€œnewspaper.â€"
"ãƒãƒ¼ãƒˆ","notebook","ãƒãƒ¼ãƒˆ (NÅto)

Literal meaning: â€œnotebookâ€.

Usage: A notebook.

Politeness: Neutral.

Examples:
ãƒãƒ¼ãƒˆ ã§ã™ã€‚â†’ (It is) a notebook.
ã“ã‚Œã¯ ãƒãƒ¼ãƒˆ ã§ã™ã€‚â†’ This is a notebook.

ğŸ‘‰ Think of it as: â€œnotebook.â€"
"ã¦ã¡ã‚‡ã†","pocket notebook","ã¦ã¡ã‚‡ã† (Techou)

Literal meaning: â€œpocket notebookâ€.

Usage: A pocket notebook.

Politeness: Neutral.

Examples:
ã¦ã¡ã‚‡ã† ã§ã™ã€‚â†’ (It is) a pocket notebook.
ã“ã‚Œã¯ ã¦ã¡ã‚‡ã† ã§ã™ã€‚â†’ This is a pocket notebook.

ğŸ‘‰ Think of it as: â€œpocket notebook.â€"
"ã‚ã„ã—","business card","ã‚ã„ã— (Meishi)

Literal meaning: â€œbusiness cardâ€.

Usage: A business card.

Politeness: Neutral.

Examples:
ã‚ã„ã— ã§ã™ã€‚â†’ (It is) a business card.
ã“ã‚Œã¯ ã‚ã„ã— ã§ã™ã€‚â†’ This is a business card.

ğŸ‘‰ Think of it as: â€œbusiness card.â€"
"ã‚«ãƒ¼ãƒ‰","card","ã‚«ãƒ¼ãƒ‰ (KÄdo)

Literal meaning: â€œcardâ€.

Usage: A card.

Politeness: Neutral.

Examples:
ã‚«ãƒ¼ãƒ‰ ã§ã™ã€‚â†’ (It is) a card.
ã“ã‚Œã¯ ã‚«ãƒ¼ãƒ‰ ã§ã™ã€‚â†’ This is a card.

ğŸ‘‰ Think of it as: â€œcard.â€"
"ãƒ†ãƒ¬ãƒ›ãƒ³ã‚«ãƒ¼ãƒ‰","telephone card","ãƒ†ãƒ¬ãƒ›ãƒ³ã‚«ãƒ¼ãƒ‰ (TerehonkÄdo)

Literal meaning: â€œtelephone cardâ€.

Usage: A telephone card.

Politeness: Neutral.

Examples:
ãƒ†ãƒ¬ãƒ›ãƒ³ã‚«ãƒ¼ãƒ‰ ã§ã™ã€‚â†’ (It is) a telephone card.
ã“ã‚Œã¯ ãƒ†ãƒ¬ãƒ›ãƒ³ã‚«ãƒ¼ãƒ‰ ã§ã™ã€‚â†’ This is a telephone card.

ğŸ‘‰ Think of it as: â€œtelephone card.â€"
"ãˆã‚“ã´ã¤","pencil","ãˆã‚“ã´ã¤ (Empitsu)

Literal meaning: â€œpencilâ€.

Usage: A pencil.

Politeness: Neutral.

Examples:
ãˆã‚“ã´ã¤ ã§ã™ã€‚â†’ (It is) a pencil.
ã“ã‚Œã¯ ãˆã‚“ã´ã¤ ã§ã™ã€‚â†’ This is a pencil.

ğŸ‘‰ Think of it as: â€œpencil.â€"
"ãƒœãƒ¼ãƒ«ãƒšãƒ³","ballpoint pen","ãƒœãƒ¼ãƒ«ãƒšãƒ³ (BÅrupen)

Literal meaning: â€œballpoint penâ€.

Usage: A ballpoint pen.

Politeness: Neutral.

Examples:
ãƒœãƒ¼ãƒ«ãƒšãƒ³ ã§ã™ã€‚â†’ (It is) a ballpoint pen.
ã“ã‚Œã¯ ãƒœãƒ¼ãƒ«ãƒšãƒ³ ã§ã™ã€‚â†’ This is a ballpoint pen.

ğŸ‘‰ Think of it as: â€œballpoint pen.â€"
"ã‚·ãƒ£ãƒƒãƒ—ãƒšãƒ³ã‚·ãƒ«","mechanical pencil","ã‚·ãƒ£ãƒƒãƒ—ãƒšãƒ³ã‚·ãƒ« (Shappupenshiru)

Literal meaning: â€œmechanical pencilâ€.

Usage: A mechanical pencil.

Politeness: Neutral.

Examples:
ã‚·ãƒ£ãƒƒãƒ—ãƒšãƒ³ã‚·ãƒ« ã§ã™ã€‚â†’ (It is) a mechanical pencil.
ã“ã‚Œã¯ ã‚·ãƒ£ãƒƒãƒ—ãƒšãƒ³ã‚·ãƒ« ã§ã™ã€‚â†’ This is a mechanical pencil.

ğŸ‘‰ Think of it as: â€œmechanical pencil.â€"
"ã‹ã","key","ã‹ã (Kagi)

Literal meaning: â€œkeyâ€.

Usage: A key.

Politeness: Neutral.

Examples:
ã‹ã ã§ã™ã€‚â†’ (It is) a key.
ã“ã‚Œã¯ ã‹ã ã§ã™ã€‚â†’ This is a key.

ğŸ‘‰ Think of it as: â€œkey.â€"
"ã¨ã‘ã„","watch, clock","ã¨ã‘ã„ (Tokei)

Literal meaning: â€œwatch, clockâ€.

Usage: A watch, clock.

Politeness: Neutral.

Examples:
ã¨ã‘ã„ ã§ã™ã€‚â†’ (It is) a watch, clock.
ã“ã‚Œã¯ ã¨ã‘ã„ ã§ã™ã€‚â†’ This is a watch, clock.

ğŸ‘‰ Think of it as: â€œwatch, clock.â€"
"ã‹ã•","umbrella","ã‹ã• (Kasa)

Literal meaning: â€œumbrellaâ€.

Usage: A umbrella.

Politeness: Neutral.

Examples:
ã‹ã• ã§ã™ã€‚â†’ (It is) a umbrella.
ã“ã‚Œã¯ ã‹ã• ã§ã™ã€‚â†’ This is a umbrella.

ğŸ‘‰ Think of it as: â€œumbrella.â€"
"ã‹ã°ã‚“","bag, briefcase","ã‹ã°ã‚“ (Kaban)

Literal meaning: â€œbag, briefcaseâ€.

Usage: A bag, briefcase.

Politeness: Neutral.

Examples:
ã‹ã°ã‚“ ã§ã™ã€‚â†’ (It is) a bag, briefcase.
ã“ã‚Œã¯ ã‹ã°ã‚“ ã§ã™ã€‚â†’ This is a bag, briefcase.

ğŸ‘‰ Think of it as: â€œbag, briefcase.â€"
"ãƒ†ãƒ¼ãƒ—","(cassette) tape","ãƒ†ãƒ¼ãƒ— (TÄ“pu)

Literal meaning: â€œ(cassette) tapeâ€.

Usage: A (cassette) tape.

Politeness: Neutral.

Examples:
ãƒ†ãƒ¼ãƒ— ã§ã™ã€‚â†’ (It is) a (cassette) tape.
ã“ã‚Œã¯ ãƒ†ãƒ¼ãƒ— ã§ã™ã€‚â†’ This is a (cassette) tape.

ğŸ‘‰ Think of it as: â€œ(cassette) tape.â€"
"ãƒ†ãƒ¼ãƒ—ãƒ¬ã‚³ãƒ¼ãƒ€ãƒ¼","tape recorder","ãƒ†ãƒ¼ãƒ—ãƒ¬ã‚³ãƒ¼ãƒ€ãƒ¼ (TÄ“purekÅdÄ)

Literal meaning: â€œtape recorderâ€.

Usage: A tape recorder.

Politeness: Neutral.

Examples:
ãƒ†ãƒ¼ãƒ—ãƒ¬ã‚³ãƒ¼ãƒ€ãƒ¼ ã§ã™ã€‚â†’ (It is) a tape recorder.
ã“ã‚Œã¯ ãƒ†ãƒ¼ãƒ—ãƒ¬ã‚³ãƒ¼ãƒ€ãƒ¼ ã§ã™ã€‚â†’ This is a tape recorder.

ğŸ‘‰ Think of it as: â€œtape recorder.â€"
"ãƒ†ãƒ¬ãƒ“","television","ãƒ†ãƒ¬ãƒ“ (Terebi)

Literal meaning: â€œtelevisionâ€.

Usage: A television.

Politeness: Neutral.

Examples:
ãƒ†ãƒ¬ãƒ“ ã§ã™ã€‚â†’ (It is) a television.
ã“ã‚Œã¯ ãƒ†ãƒ¬ãƒ“ ã§ã™ã€‚â†’ This is a television.

ğŸ‘‰ Think of it as: â€œtelevision.â€"
"ãƒ©ã‚¸ã‚ª","radio","ãƒ©ã‚¸ã‚ª (Rajio)

Literal meaning: â€œradioâ€.

Usage: A radio.

Politeness: Neutral.

Examples:
ãƒ©ã‚¸ã‚ª ã§ã™ã€‚â†’ (It is) a radio.
ã“ã‚Œã¯ ãƒ©ã‚¸ã‚ª ã§ã™ã€‚â†’ This is a radio.

ğŸ‘‰ Think of it as: â€œradio.â€"
"ã‚«ãƒ¡ãƒ©","camera","ã‚«ãƒ¡ãƒ© (Kamera)

Literal meaning: â€œcameraâ€.

Usage: A camera.

Politeness: Neutral.

Examples:
ã‚«ãƒ¡ãƒ© ã§ã™ã€‚â†’ (It is) a camera.
ã“ã‚Œã¯ ã‚«ãƒ¡ãƒ© ã§ã™ã€‚â†’ This is a camera.

ğŸ‘‰ Think of it as: â€œcamera.â€"
"ã‚³ãƒ³ãƒ”ãƒ¥ãƒ¼ã‚¿ãƒ¼","computer","ã‚³ãƒ³ãƒ”ãƒ¥ãƒ¼ã‚¿ãƒ¼ (KompyÅ«tÄ)

Literal meaning: â€œcomputerâ€.

Usage: A computer.

Politeness: Neutral.

Examples:
ã‚³ãƒ³ãƒ”ãƒ¥ãƒ¼ã‚¿ãƒ¼ ã§ã™ã€‚â†’ (It is) a computer.
ã“ã‚Œã¯ ã‚³ãƒ³ãƒ”ãƒ¥ãƒ¼ã‚¿ãƒ¼ ã§ã™ã€‚â†’ This is a computer.

ğŸ‘‰ Think of it as: â€œcomputer.â€"
"ã˜ã©ã†ã—ã‚ƒ","automobile, car","ã˜ã©ã†ã—ã‚ƒ (Jidousha)

Literal meaning: â€œautomobile, carâ€.

Usage: A automobile, car.

Politeness: Neutral.

Examples:
ã˜ã©ã†ã—ã‚ƒ ã§ã™ã€‚â†’ (It is) a automobile, car.
ã“ã‚Œã¯ ã˜ã©ã†ã—ã‚ƒ ã§ã™ã€‚â†’ This is a automobile, car.

ğŸ‘‰ Think of it as: â€œautomobile, car.â€"
"ã¤ããˆ","desk","ã¤ããˆ (Tsukue)

Literal meaning: â€œdeskâ€.

Usage: A desk.

Politeness: Neutral.

Examples:
ã¤ããˆ ã§ã™ã€‚â†’ (It is) a desk.
ã“ã‚Œã¯ ã¤ããˆ ã§ã™ã€‚â†’ This is a desk.

ğŸ‘‰ Think of it as: â€œdesk.â€"
"ã„ã™","chair","ã„ã™ (Isu)

Literal meaning: â€œchairâ€.

Usage: A chair.

Politeness: Neutral.

Examples:
ã„ã™ ã§ã™ã€‚â†’ (It is) a chair.
ã“ã‚Œã¯ ã„ã™ ã§ã™ã€‚â†’ This is a chair.

ğŸ‘‰ Think of it as: â€œchair.â€"
"ãƒãƒ§ã‚³ãƒ¬ãƒ¼ãƒˆ","chocolate","ãƒãƒ§ã‚³ãƒ¬ãƒ¼ãƒˆ (ChokorÄ“to)

Literal meaning: â€œchocolateâ€.

Usage: A chocolate.

Politeness: Neutral.

Examples:
ãƒãƒ§ã‚³ãƒ¬ãƒ¼ãƒˆ ã§ã™ã€‚â†’ (It is) a chocolate.
ã“ã‚Œã¯ ãƒãƒ§ã‚³ãƒ¬ãƒ¼ãƒˆ ã§ã™ã€‚â†’ This is a chocolate.

ğŸ‘‰ Think of it as: â€œchocolate.â€"
"ã‚³ãƒ¼ãƒ’ãƒ¼","coffee","ã‚³ãƒ¼ãƒ’ãƒ¼ (KÅhÄ«)

Literal meaning: â€œcoffeeâ€.

Usage: A coffee.

Politeness: Neutral.

Examples:
ã‚³ãƒ¼ãƒ’ãƒ¼ ã§ã™ã€‚â†’ (It is) a coffee.
ã“ã‚Œã¯ ã‚³ãƒ¼ãƒ’ãƒ¼ ã§ã™ã€‚â†’ This is a coffee.

ğŸ‘‰ Think of it as: â€œcoffee.â€"
"ãˆã„ã”","the English language","ãˆã„ã” (Eigo)

Literal meaning: â€œthe English languageâ€.

Usage: Refers to the English language.

Politeness: Neutral.

Examples:
ã“ã‚Œã¯ ãˆã„ã” ã§ã™ã€‚â†’ This is English.
ãˆã„ã” ã® ã»ã‚“ ã§ã™ã€‚â†’ (It is) an English book.

ğŸ‘‰ Think of it as: â€œEnglish (language).â€"
"ã«ã»ã‚“ã”","the Japanese language","ã«ã»ã‚“ã” (Nihongo)

Literal meaning: â€œthe Japanese languageâ€.

Usage: Refers to the Japanese language.

Politeness: Neutral.

Examples:
ã«ã»ã‚“ã” ã¯ ã‚€ãšã‹ã—ã„ ã§ã™ã€‚â†’ Japanese is difficult.
ã«ã»ã‚“ã” ã® ã˜ã—ã‚‡ ã§ã™ã€‚â†’ (It is) a Japanese dictionary.

ğŸ‘‰ Think of it as: â€œJapanese (language).â€"
"ï½ã”","~ language","ï½ã” (ï½go)

Literal meaning: â€œ~ languageâ€.

Usage: Suffix added to a country/area to mean â€˜the ~ languageâ€™.

Politeness: Neutral.

Examples:
ã«ã»ã‚“ã” â†’ Japanese language.
ãˆã„ã” â†’ English language.

ğŸ‘‰ Think of it as: â€œ~ language (suffix).â€"
"ãªã‚“","what","ãªã‚“

Literal meaning: â€œwhatâ€.

Usage: Interrogative pronoun asking for an identity or content.

Politeness: Neutral.

Examples:
ã“ã‚Œã¯ ãªã‚“ ã§ã™ã‹ã€‚â†’ What is this?
ãŠãªã¾ãˆ ã¯ ãªã‚“ ã§ã™ã‹ã€‚â†’ What is your name?

ğŸ‘‰ Think of it as: â€œWhat?â€"
"ãã†","so","ãã† (Sou)

Literal meaning: â€œsoâ€.

Usage: Response meaning â€˜so/thatâ€™s rightâ€™ or to show agreement/confirmation.

Politeness: Neutral.

Examples:
A: ã“ã‚Œã¯ ã»ã‚“ ã§ã™ã‹ã€‚ B: ãã†ã€‚â†’ A: Is this a book? B: Yes/thatâ€™s right.
ãã† ã§ã™ã€‚â†’ Thatâ€™s right.

ğŸ‘‰ Think of it as: â€œSo / thatâ€™s right.â€"
"ã¡ãŒã„ã¾ã™","No it isn't, You are wrong","ã¡ãŒã„ã¾ã™ (Chigaimasu)

Literal meaning: â€œNo it isn't, You are wrongâ€.

Usage: Polite negation when correcting someone.

Politeness: Neutral.

Examples:
A: ãã‚Œ ã¯ ã˜ã—ã‚‡ ã§ã™ã‹ã€‚ B: ã„ã„ãˆã€ã¡ãŒã„ã¾ã™ã€‚â†’ A: Is that a dictionary? B: No, it isnâ€™t.
ã¡ãŒã„ã¾ã™ã€ãƒšãƒ³ ã§ã™ã€‚â†’ No, itâ€™s a pen.

ğŸ‘‰ Think of it as: â€œNo, it isnâ€™t.â€"
"ãã†ã§ã™ã‹","I see, Is that so?","ãã†ã§ã™ã‹ (Soudesuka)

Literal meaning: â€œI see, Is that so?â€.

Usage: Shows acknowledgement/surprise when receiving new information.

Politeness: Neutral.

Examples:
A: ã‚ã‚Œ ã¯ ã«ã»ã‚“ã” ã® ã»ã‚“ ã§ã™ã€‚ B: ãã†ã§ã™ã‹ã€‚â†’ I see.
ãã†ã§ã™ã‹ã€ã‚ã‚ŠãŒã¨ã†ã”ã–ã„ã¾ã™ã€‚â†’ I see, thank you.

ğŸ‘‰ Think of it as: â€œI see / is that so?â€"
"ã‚ã®ã†","well (used to show hesitation)","ã‚ã®ã† (Anou)

Literal meaning: â€œwell (used to show hesitation)â€.

Usage: Filler used to soften or show hesitation before speaking.

Politeness: Neutral.

Examples:
ã‚ã®ã†ã€ã—ã¤ã‚‚ã‚“ ãŒ ã‚ã‚Šã¾ã™ã€‚â†’ Um, I have a question.
ã‚ã®ã†ã€ãƒˆã‚¤ãƒ¬ ã¯ ã©ã“ ã§ã™ã‹ã€‚â†’ Excuse me (well), where is the restroom?

ğŸ‘‰ Think of it as: â€œUm / well (hesitation).â€"
"ã»ã‚“ã®ãã‚‚ã¡ã§ã™","It's nothing, It's a token of my gratitude","ã»ã‚“ã®ãã‚‚ã¡ã§ã™ (Honnokimochidesu)

Literal meaning: â€œIt's nothing, It's a token of my gratitudeâ€.

Usage: Set phrase when giving a small present.

Politeness: Neutral.

Examples:
ã“ã‚Œã€ã©ã†ãã€‚ã»ã‚“ã® ãã‚‚ã¡ ã§ã™ã€‚â†’ Here you are. Itâ€™s just a small gift.
ã•ã•ã‚„ã‹ ã§ã™ ãŒã€ã©ã†ãã€‚â†’ Itâ€™s small, but please accept it.

ğŸ‘‰ Think of it as: â€œItâ€™s just a small token.â€"
"ã©ã†ã","Please, Here you are (when offering someone something)","ã©ã†ã (Douzo)

Literal meaning: â€œPlease, Here you are (when offering someone something)â€.

Usage: Used when offering something to someone.

Politeness: Neutral.

Examples:
ã©ã†ãã€ãŠã¯ã„ã‚Š ãã ã•ã„ã€‚â†’ Please, come in.
ã“ã‚Œã€ã©ã†ãã€‚â†’ Here you are.

ğŸ‘‰ Think of it as: â€œPlease / here you are.â€"
"ã©ã†ã‚‚","Well, thanks","ã©ã†ã‚‚ (Doumo)

Literal meaning: â€œWell, thanksâ€.

Usage: Casual thanks or acknowledgement.

Politeness: Neutral.

Examples:
A: ã©ã†ã‚‚ã€‚â†’ Thanks.
ã©ã†ã‚‚ã€ã™ã¿ã¾ã›ã‚“ã€‚â†’ Thanks, sorry.

ğŸ‘‰ Think of it as: â€œThanks.â€"
"ã‚ã‚ŠãŒã¨ã†","Thank you","ã‚ã‚ŠãŒã¨ã† (Arigatou)

Literal meaning: â€œThank youâ€.

Usage: Expression of gratitude (very polite with ã©ã†ã‚‚ã‚ã‚ŠãŒã¨ã†ã”ã–ã„ã¾ã™).

Politeness: Neutral.

Examples:
ã‚ã‚ŠãŒã¨ã†ã”ã–ã„ã¾ã™ã€‚â†’ Thank you (polite).
ã©ã†ã‚‚ ã‚ã‚ŠãŒã¨ã†ã”ã–ã„ã¾ã™ã€‚â†’ Thank you very much.

ğŸ‘‰ Think of it as: â€œThank you / thank you very much.â€"
"ã©ã†ã‚‚ã‚ã‚ŠãŒã¨ã”ã–ã„ã¾ã™","Thank you very much","ã©ã†ã‚‚ã‚ã‚ŠãŒã¨ã”ã–ã„ã¾ã™ (Doumoarigatogozaimasu)

Literal meaning: â€œThank you very muchâ€.

Usage: Expression of gratitude (very polite with ã©ã†ã‚‚ã‚ã‚ŠãŒã¨ã†ã”ã–ã„ã¾ã™).

Politeness: Neutral.

Examples:
ã‚ã‚ŠãŒã¨ã†ã”ã–ã„ã¾ã™ã€‚â†’ Thank you (polite).
ã©ã†ã‚‚ ã‚ã‚ŠãŒã¨ã†ã”ã–ã„ã¾ã™ã€‚â†’ Thank you very much.

ğŸ‘‰ Think of it as: â€œThank you / thank you very much.â€"
"ã“ã‚Œã‹ã‚‰ãŠã›ã‚ã«ãªã‚Šã¾ã™","Thank You in advance","ã“ã‚Œã‹ã‚‰ãŠã›ã‚ã«ãªã‚Šã¾ã™ (Korekaraosewaninarimasu)

Literal meaning: â€œThank You in advanceâ€.

Usage: Polite phrase used when starting a new relationship (work/school).

Politeness: Neutral.

Examples:
ã“ã‚Œã‹ã‚‰ ãŠã›ã‚ ã« ãªã‚Šã¾ã™ã€‚â†’ I hope for your kind assistance.
ã©ã†ã ã‚ˆã‚ã—ã ãŠã­ãŒã„ã—ã¾ã™ã€‚â†’ I look forward to working with you.

ğŸ‘‰ Think of it as: â€œIâ€™ll be in your care.â€"
"ã“ã¡ã‚‰ã“ãã‚ˆã‚ã—ã","I am pleased to meet you too","ã“ã¡ã‚‰ã“ãã‚ˆã‚ã—ã (Kochirakosoyoroshiku)

Literal meaning: â€œI am pleased to meet you tooâ€.

Usage: Polite reply to greetings like ã©ã†ãã‚ˆã‚ã—ã; returns the sentiment.

Politeness: Neutral.

Examples:
A: ã©ã†ã ã‚ˆã‚ã—ãã€‚ B: ã“ã¡ã‚‰ã“ã ã‚ˆã‚ã—ãã€‚â†’ Nice to meet you, likewise.
ã“ã¡ã‚‰ã“ãã€ã‚ã‚ŠãŒã¨ã†ã”ã–ã„ã¾ã™ã€‚â†’ Thank you, likewise.

ğŸ‘‰ Think of it as: â€œLikewise / pleased to meet you too.â€"
